pt,pion_max_pt
,0.87939453125
,1.0078125
,3.923828125
,3.201171875
,1.072265625
,3.6289062500000004
,2.15234375
,1.3779296875
,1.2392578125
,1.337890625
,0.4296875
,4.5703125
,2.548828125
,2.6757812500000004
,2.23046875
,2.40625
,2.59375
,2.27734375
,1.4140625
,1.150390625
,3.841796875
,1.2333984375
,1.796875
,5.7578125
,2.0546875
,0.7978515625
,1.7451171875
,1.3466796875
,2.294921875
,2.056640625
,1.107421875
,4.28125
,2.8125
,2.330078125
,2.572265625
,2.23828125
,1.013671875
,1.2587890625
,2.392578125
,1.6689453125
,1.1630859375
,5.47265625
,0.6875
,1.564453125
,3.28125
,1.083984375
,0.9580078125
,1.4736328125000002
,4.53125
,7.80859375
,4.3984375
,1.208984375
,0.495361328125
,4.0859375
,1.158203125
,2.0859375
,2.05859375
,3.375
,1.4755859375
,1.5107421875
,4.1953125
,1.1943359375
,0.8701171875
,2.498046875
,1.037109375
,4.59375
,14.265625
,4.03125
,4.1875
,3.71875
,4.8671875
,2.255859375
,0.61962890625
,1.6943359375
,2.873046875
,3.021484375
,2.10546875
,1.1728515625
,2.005859375
,2.05078125
,3.552734375
,1.7607421874999998
,0.96630859375
,0.60986328125
,3.46484375
,0.77880859375
,2.810546875
,4.953125
,3.087890625
,1.2255859375
,1.01953125
,3.189453125
,0.939453125
,2.67578125
,8.703125
,7.234375
,7.7109375
,0.88134765625
,5.6015625
,1.580078125
,3.583984375
,0.81103515625
,1.3876953125
,3.82421875
,0.93994140625
,1.9326171875000002
,2.189453125
,6.773437499999999
,1.5224609375
,2.078125
,0.76513671875
,1.3251953125
,2.662109375
,0.85009765625
,2.49609375
,4.9140625
,2.15625
,3.201171875
,2.205078125
,2.37890625
,2.53125
,4.6953125
,3.099609375
,3.75390625
,0.47509765625000006
,3.470703125
,5.6953125
,4.1953125
,2.525390625
,1.947265625
,1.8662109375
,2.224609375
,1.62109375
,1.9912109375
,1.6035156249999998
,1.3173828125
,2.93359375
,1.2138671875
,1.056640625
,2.24609375
,3.505859375
,0.425537109375
,2.16796875
,2.345703125
,1.4863281250000002
,5.4296875
,2.64453125
,5.1171875
,0.80029296875
,0.7509765625
,7.84765625
,3.79296875
,8.0390625
,4.49609375
,2.302734375
,1.01953125
,1.2685546875
,1.109375
,2.05078125
,1.607421875
,5.15234375
,1.349609375
,3.126953125
,0.7998046875
,4.96875
,4.32421875
,4.7578125
,4.62109375
,1.6875
,2.91796875
,0.9721679687500001
,3.23046875
,3.357421875
,1.3603515625
,4.1328125
,4.09765625
,0.7802734375
,2.203125
,2.302734375
,3.18359375
,4.609375
,2.642578125
,2.4453125
,1.0185546875
,6.4296875
,1.9179687500000002
,1.2900390625
,1.3515625
,3.4550781250000004
,1.6689453125
,1.5732421875
,1.6181640625000002
,2.611328125
,2.36328125
,4.171875
,5.98828125
,4.15234375
,2.921875
,1.0390625
,3.005859375
,3.103515625
,1.9482421875
,2.255859375
,3.77734375
,2.458984375
,3.0234375
,1.4658203125
,0.9697265625
,2.89453125
,1.46484375
,1.7929687499999998
,1.3408203125
,0.8496093750000001
,1.5126953125
,4.70703125
,2.076171875
,1.638671875
,2.6328125
,1.77734375
,2.052734375
,2.8046875
,2.37109375
,2.986328125
,2.626953125
,5.15234375
,4.42578125
,2.736328125
,8.0390625
,2.029296875
,2.623046875
,1.6572265625
,1.0146484375
,2.236328125
,4.42578125
,2.115234375
,2.396484375
,3.388671875
,2.41796875
,5.4140625
,3.39453125
,1.44140625
,2.265625
,1.4208984375
,0.673828125
,3.5644531250000004
,1.9902343750000002
,3.013671875
,5.48046875
,1.802734375
,2.71484375
,2.734375
,5.28515625
,1.6914062500000002
,1.9169921874999998
,2.31640625
,0.8642578125000001
,1.1201171875
,1.3740234375
,2.16796875
,2.302734375
,1.8251953125
,9.2109375
,2.6171875
,0.64697265625
,2.263671875
,1.6337890625
,2.20703125
,1.4326171875
,6.06640625
,6.25
,3.3828125
,1.681640625
,2.181640625
,1.4521484375
,2.029296875
,1.607421875
,0.7729492187499999
,3.267578125
,0.58544921875
,1.9296875
,1.927734375
,1.6357421874999998
,2.20703125
,1.3828125
,0.76318359375
,2.630859375
,2.861328125
,1.8847656249999998
,9.5
,1.9951171875
,4.421875
,1.703125
,1.6904296875000002
,1.2158203125
,3.2734375
,0.7104492187499999
,3.076171875
,0.87841796875
,3.046875
,2.89453125
,3.7578125
,1.373046875
,2.529296875
,5.23046875
,1.6582031250000002
,3.25390625
,0.86279296875
,1.67578125
,8.5
,3.494140625
,9.0546875
,2.91796875
,1.1669921875
,2.376953125
,1.8955078125
,1.349609375
,2.345703125
,1.03125
,2.1171875
,1.2822265625
,2.09765625
,5.460937499999999
,1.5263671875
,1.158203125
,5.48828125
,4.00390625
,3.962890625
,0.517578125
,7.972656249999999
,1.2392578125
,1.412109375
,1.3505859375
,0.97802734375
,1.861328125
,1.34375
,1.404296875
,7.5390625
,4.8203125
,1.33984375
,2.0859375
,1.4326171875
,1.2314453125
,1.4951171875
,1.373046875
,3.7207031249999996
,3.12890625
,3.017578125
,2.7148437499999996
,3.416015625
,2.0859375
,8.1484375
,5.98828125
,1.8583984375
,2.40234375
,1.3583984375000002
,1.2783203125
,3.298828125
,1.44140625
,1.7119140625
,2.201171875
,1.5146484375
,0.77099609375
,1.0478515625
,5.6015625
,0.6557617187499999
,1.2080078125
,2.0078125
,12.21875
,4.515625
,1.6025390625
,1.3730468750000002
,0.9619140625
,1.7275390625
,1.1552734375
,6.85546875
,2.05859375
,2.125
,2.98828125
,4.61328125
,1.5390625
,2.041015625
,3.134765625
,0.9912109375
,9.421875
,3.08203125
,5.109375
,1.8046875
,1.5244140625
,1.59375
,4.83203125
,3.806640625
,2.171875
,2.236328125
,2.71484375
,0.68505859375
,2.6289062500000004
,2.025390625
,1.388671875
,0.61474609375
,6.15234375
,0.91455078125
,6.957031249999999
,2.681640625
,2.5703125
,1.5751953125
,1.9062499999999998
,1.2412109375
,1.427734375
,5.22265625
,2.259765625
,2.72265625
,2.447265625
,0.5302734375
,4.18359375
,1.7988281250000002
,0.80029296875
,3.607421875
,2.87890625
,0.9189453124999999
,17.546875
,2.021484375
,5.82421875
,4.38671875
,2.046875
,1.5693359375
,1.7900390625
,1.5078125
,1.7275390625
,1.5859375
,15.1171875
,4.1875
,1.3359375
,0.9091796875
,4.40234375
,1.1171875
,3.61328125
,2.251953125
,1.025390625
,1.6015625
,2.2578125
,6.09765625
,3.58984375
,0.79833984375
,6.0859375
,2.181640625
,2.69140625
,1.3974609375
,13.874999999999998
,1.68359375
,4.0703125
,3.990234375
,4.25390625
,1.8974609375
,2.25
,0.9169921875
,2.39453125
,4.01171875
,1.6630859375
,2.703125
,0.64794921875
,1.00390625
,3.509765625
,3.771484375
,0.548828125
,1.9423828124999998
,1.251953125
,2.396484375
,1.783203125
,2.896484375
,0.7998046875
,3.2968749999999996
,2.169921875
,1.1103515625
,0.90185546875
,1.7763671875
,2.146484375
,2.0703125
,3.84375
,8.234375
,6.507812500000001
,0.9541015625
,2.03125
,4.32421875
,3.53125
,1.0244140625
,0.458251953125
,12.15625
,1.1494140625
,0.8725585937499999
,1.0263671875
,3.16796875
,1.1728515625
,2.478515625
,0.80419921875
,2.53515625
,4.03125
,1.572265625
,5.03125
,1.525390625
,6.5390625
,1.4482421875
,4.18359375
,2.03515625
,1.7841796875
,1.583984375
,0.916015625
,2.5
,1.8603515625
,2.7109375
,2.693359375
,3.140625
,0.7490234375
,0.9594726562499999
,1.123046875
,0.72900390625
,4.87890625
,3.6777343749999996
,3.2050781249999996
,1.3349609375
,0.7465820312499999
,3.466796875
,1.302734375
,5.00390625
,1.6689453125
,3.599609375
,20.109375
,4.15234375
,0.55615234375
,2.1640625
,4.41015625
,2.4765625
,2.275390625
,2.744140625
,0.350341796875
,6.828125
,2.861328125
,1.5400390625
,1.2333984375
,1.0234375
,1.3916015625000002
,5.234375
,11.53125
,2.302734375
,1.208984375
,11.3359375
,2.896484375
,0.9462890625
,2.5546875
,1.763671875
,1.0361328125
,1.30078125
,3.1796875
,2.3984375
,2.154296875
,3.1972656249999996
,3.05859375
,1.6884765625
,1.17578125
,1.7216796875
,1.12109375
,0.68115234375
,2.640625
,4.32421875
,1.8203125
,0.7958984375
,2.7265625
,1.42578125
,2.541015625
,1.583984375
,5.5234375
,2.150390625
,1.0966796875
,2.439453125
,2.4863281249999996
,0.41308593750000006
,2.9960937499999996
,4.20703125
,1.86328125
,1.251953125
,1.8349609374999998
,4.671875
,3.2128906249999996
,2.0390625
,2.59375
,0.4267578125
,1.6494140625
,2.0390625
,1.4052734375
,2.49609375
,2.068359375
,4.5390625
,1.169921875
,4.5859375
,1.248046875
,2.9140625
,1.6435546875
,1.2978515625
,2.4921875
,4.92578125
,2.49609375
,1.8193359375
,2.62109375
,2.216796875
,1.013671875
,1.5322265625
,4.10546875
,1.4462890625
,3.46875
,1.9375
,2.037109375
,1.58203125
,6.0078125
,0.56884765625
,1.2314453125
,4.0546875
,1.4228515625
,3.65625
,3.35546875
,1.68359375
,4.56640625
,1.7900390625
,3.111328125
,2.19140625
,0.463134765625
,1.4658203125
,0.62841796875
,3.451171875
,1.4707031250000002
,1.9990234375
,7.953125000000001
,1.02734375
,2.888671875
,1.7626953125
,6.4375
,1.3623046874999998
,1.76171875
,1.7119140625
,1.3251953125
,4.2578125
,2.6171875
,3.71875
,1.1669921875
,2.314453125
,2.958984375
,2.642578125
,2.443359375
,5.640625
,2.162109375
,3.744140625
,3.076171875
,3.369140625
,1.6347656250000002
,1.375
,2.45703125
,6.05859375
,4.1328125
,1.837890625
,2.318359375
,2.87890625
,0.7177734375
,0.36865234375
,2.341796875
,2.474609375
,6.6953125
,1.6396484375
,3.4394531249999996
,8.453125
,2.09375
,6.82421875
,1.75390625
,0.5048828125
,2.0078125
,2.71875
,1.5859374999999998
,2.892578125
,1.7548828125
,1.4316406250000002
,2.3125
,0.63818359375
,3.087890625
,1.1337890625
,8.515625
,2.783203125
,3.4453125
,1.21875
,3.189453125
,1.83203125
,2.287109375
,1.4716796875
,2.0625
,2.1171875
,1.4716796875000002
,2.68359375
,1.166015625
,1.875
,1.1884765625
,0.4169921875
,1.5009765625
,2.150390625
,1.015625
,1.5751953125
,3.2617187500000004
,3.1953125
,1.0263671875
,5.71484375
,4.69921875
,0.81005859375
,2.748046875
,3.24609375
,2.818359375
,1.3583984375
,1.7568359375
,3.04296875
,2.1171875
,2.4453125
,1.0849609375
,3.810546875
,1.4443359375
,1.5654296875
,2.236328125
,5.33203125
,1.927734375
,1.2587890625
,3.986328125
,1.439453125
,3.34375
,0.56787109375
,2.0625
,1.8603515625
,1.2373046875
,2.16015625
,1.59765625
,3.384765625
,1.74609375
,1.0869140625
,1.576171875
,1.1337890625
,2.189453125
,3.267578125
,2.298828125
,1.0205078125
,2.802734375
,1.5849609375
,1.5439453125
,3.759765625
,3.1855468749999996
,1.3740234375
,3.892578125
,3.298828125
,7.76171875
,1.9208984375
,1.06640625
,1.05078125
,1.8154296874999998
,2.4765625
,8.2578125
,1.958984375
,6.046875
,2.65234375
,1.4921875
,2.2734375
,5.23046875
,1.865234375
,2.814453125
,6.390625
,2.060546875
,1.904296875
,2.02734375
,6.97265625
,4.07421875
,3.1269531250000004
,3.716796875
,5.38671875
,1.38671875
,2.083984375
,0.8955078125
,2.171875
,1.482421875
,1.822265625
,0.60595703125
,0.74853515625
,2.763671875
,3.36328125
,3.8203125
,1.5126953125
,1.1064453125
,1.49609375
,1.6103515625
,4.58984375
,1.1796875
,4.70703125
,2.5078125
,6.33203125
,2.9765625
,3.72265625
,2.01171875
,1.8134765625000002
,1.6865234375
,3.09765625
,1.8388671874999998
,2.357421875
,4.078125
,1.3076171875
,6.35546875
,2.61328125
,3.5390625
,1.6494140625000002
,2.765625
,3.95703125
,5.675781250000001
,2.66015625
,2.677734375
,3.86328125
,3.548828125
,1.41796875
,1.234375
,1.4208984375
,1.1435546875
,1.486328125
,1.5693359375
,1.66796875
,5.1953125
,2.14453125
,0.97998046875
,1.5302734375
,2.7246093749999996
,1.6142578125
,1.181640625
,2.1640625
,14.859375
,7.3828125
,1.19140625
,1.3388671874999998
,1.0234375
,0.47119140625
,1.314453125
,1.341796875
,3.857421875
,1.4453125
,2.837890625
,6.515625
,1.8994140625
,2.240234375
,4.0859375
,3.0507812499999996
,1.6142578125000002
,1.8525390625
,0.65087890625
,3.173828125
,1.3623046875
,2.376953125
,6.40625
,0.6386718750000001
,2.5625
,0.82666015625
,2.5996093750000004
,0.6953125
,1.8124999999999998
,1.9990234375
,1.927734375
,0.46630859375
,6.015625
,1.203125
,0.64208984375
,3.0058593750000004
,6.433593750000001
,1.8798828125
,2.326171875
,1.40625
,4.54296875
,1.6962890625
,1.5244140625
,3.701171875
,0.83984375
,0.7470703125
,4.1796875
,3.30859375
,10.265625
,2.453125
,2.080078125
,7.234375
,3.326171875
,1.7402343750000002
,1.54296875
,3.58203125
,3.7500000000000004
,2.5488281249999996
,1.3769531249999998
,3.68359375
,1.5283203125
,1.3701171875
,2.7773437500000004
,0.83642578125
,1.7363281250000002
,0.75
,0.6518554687500001
,1.603515625
,3.4921875
,16.015625
,2.5390625
,3.248046875
,2.380859375
,2.931640625
,4.26953125
,5.296875
,1.326171875
,2.291015625
,4.890625
,5.77734375
,1.134765625
,4.890625
,1.6220703125
,0.6630859375
,2.27734375
,1.59765625
,1.0634765625
,2.095703125
,1.5390625
,1.5595703125000002
,2.4921875
,1.10546875
,2.9707031250000004
,6.24609375
,3.0488281249999996
,0.7368164062499999
,1.533203125
,3.650390625
,0.68310546875
,1.4609375
,5.359374999999999
,2.125
,1.0048828125
,2.17578125
,1.755859375
,2.080078125
,2.779296875
,1.146484375
,0.826171875
,0.92919921875
,3.91015625
,6.296875
,1.111328125
,1.705078125
,0.9345703125000001
,0.61328125
,2.46484375
,5.62109375
,2.607421875
,3.1640625
,0.78662109375
,2.80078125
,2.4609375
,1.98828125
,1.353515625
,3.65234375
,3.1250000000000004
,1.5595703124999998
,1.46484375
,0.431396484375
,3.357421875
,1.244140625
,4.95703125
,2.75390625
,1.140625
,2.8203125
,1.5878906249999998
,1.90625
,1.078125
,1.068359375
,2.931640625
,1.466796875
,0.62451171875
,1.5439453125
,1.236328125
,1.9560546875
,2.009765625
,1.0517578125
,5.44140625
,3.322265625
,2.697265625
,3.162109375
,2.6191406249999996
,1.7822265624999998
,2.416015625
,2.09765625
,2.5234375
,1.4765624999999998
,2.0703125
,5.61328125
,2.919921875
,0.9453125
,3.6289062500000004
,4.10546875
,6.9765625
,1.7890625
,1.955078125
,3.306640625
,1.3603515625
,3.240234375
,6.515625
,2.583984375
,1.3037109375
,5.0234375
,1.5986328125
,2.177734375
,3.033203125
,1.4140625
,4.1484375
,2.384765625
,1.369140625
,0.94384765625
,2.169921875
,4.00390625
,8.1171875
,1.5107421875
,1.431640625
,0.5224609375
,3.2910156250000004
,2.384765625
,0.75634765625
,2.13671875
,1.4179687499999998
,3.2949218749999996
,1.505859375
,1.4423828125
,2.28515625
,1.693359375
,0.623046875
,3.4570312500000004
,0.8671875
,1.7099609374999998
,1.275390625
,2.802734375
,1.400390625
,0.8212890625
,2.4921875
,2.71484375
,0.9394531250000001
,7.046875
,3.423828125
,4.16015625
,2.490234375
,1.2255859375
,3.271484375
,6.39453125
,2.681640625
,4.05078125
,2.15234375
,1.4296875
,1.1162109375
,3.869140625
,2.576171875
,0.45703125
,3.2187500000000004
,4.109375
,1.4609375
,0.40869140625
,2.322265625
,2.490234375
,3.830078125
,1.7412109375
,4.3046875
,2.21875
,2.056640625
,1.2587890625
,8.3203125
,3.064453125
,1.572265625
,2.7890624999999996
,2.568359375
,5.3359375
,2.267578125
,1.283203125
,5.2265625
,3.6640624999999996
,1.4443359375
,13.015625
,3.181640625
,1.39453125
,2.3515625
,1.3798828125
,2.42578125
,0.79052734375
,0.529296875
,0.94580078125
,8.0703125
,1.05078125
,2.208984375
,2.46484375
,2.115234375
,1.564453125
,3.005859375
,4.2265625
,2.87109375
,3.6171875000000004
,1.6572265625
,3.4628906249999996
,0.6015625
,0.81884765625
,0.7255859375
,1.06640625
,1.0517578125
,3.46875
,3.193359375
,5.3984375
,1.3232421875
,0.94287109375
,1.439453125
,3.478515625
,3.1796875
,1.2041015625
,1.33984375
,2.072265625
,1.5058593750000002
,3.25390625
,1.9140624999999998
,0.8964843750000001
,2.275390625
,3.3378906249999996
,1.2724609375
,4.6953125
,4.2734375
,2.037109375
,2.7578125
,1.1220703125
,0.8818359375
,3.1894531250000004
,3.212890625
,1.5185546875
,1.5302734375
,1.9541015624999998
,1.9169921874999998
,1.1123046875
,3.373046875
,2.01953125
,0.5751953125
,0.56103515625
,8.7578125
,11.703125
,1.1279296875
,2.962890625
,5.19921875
,0.76806640625
,1.00390625
,2.412109375
,2.099609375
,2.51171875
,1.453125
,1.4033203125
,0.9169921875
,3.939453125
,0.8779296875
,1.056640625
,2.150390625
,1.3779296875
,2.72265625
,1.427734375
,2.8671875
,1.05859375
,1.8808593750000002
,0.97119140625
,1.107421875
,0.81494140625
,1.6943359375
,1.4228515625
,1.744140625
,4.44921875
,2.162109375
,2.169921875
,0.923828125
,9.4765625
,1.1845703124999998
,3.04296875
,5.12890625
,2.708984375
,1.720703125
,1.259765625
,2.8828125000000004
,2.8613281250000004
,2.34375
,2.134765625
,2.75
,2.78515625
,1.0908203125
,1.3427734375
,1.103515625
,2.60546875
,2.220703125
,32.6875
,4.2734375
,1.169921875
,3.279296875
,2.037109375
,1.2001953125
,0.97509765625
,1.427734375
,1.595703125
,2.38671875
,1.296875
,0.69677734375
,1.064453125
,8.3125
,3.4765625
,1.123046875
,2.9765624999999996
,2.322265625
,2.97265625
,1.5107421875
,1.09375
,2.404296875
,2.025390625
,4.1875
,5.875
,2.158203125
,1.099609375
,0.80615234375
,0.9345703125
,3.61328125
,0.9677734375
,12.53125
,1.1142578125
,4.328125
,4.68359375
,0.70458984375
,0.9541015624999999
,6.26953125
,2.015625
,1.6318359375
,3.3515625
,2.244140625
,3.056640625
,1.412109375
,2.177734375
,1.4619140625
,0.92236328125
,1.51953125
,2.47265625
,1.01953125
,1.6123046875000002
,2.765625
,2.005859375
,2.4921875
,1.8759765625
,2.634765625
,1.4736328125
,1.2060546875
,1.1767578125
,0.9267578125
,2.6640624999999996
,1.6591796875
,2.001953125
,4.55859375
,3.3125
,1.6201171875
,3.2578125000000004
,0.63916015625
,2.212890625
,3.6289062500000004
,1.2939453125000002
,1.2978515625
,2.974609375
,0.73095703125
,2.349609375
,0.84423828125
,3.15625
,3.3183593749999996
,1.92578125
,3.1875000000000004
,1.7978515625
,2.15625
,0.783203125
,2.505859375
,1.5458984375
,1.4267578125
,2.224609375
,7.3125
,2.841796875
,0.9501953125
,0.77734375
,1.849609375
,3.8359375
,1.16796875
,3.234375
,1.75390625
,1.7666015625
,5.59375
,1.6455078125
,0.927734375
,0.52294921875
,2.626953125
,4.734375
,1.3310546875
,0.50146484375
,3.1171875
,1.0322265625
,1.1748046875
,3.646484375
,8.3125
,4.1484375
,8.8046875
,1.396484375
,2.443359375
,0.6899414062500001
,0.32275390625
,2.107421875
,1.4560546875
,3.369140625
,4.17578125
,2.478515625
,0.5517578125
,1.5029296875000002
,1.1953125
,0.708984375
,0.89111328125
,1.2138671875
,6.6484375
,1.439453125
,1.86328125
,1.4414062500000002
,6.890625
,1.19140625
,3.7773437499999996
,1.8701171875
,1.337890625
,6.542968749999999
,2.2265625
,2.83984375
,1.701171875
,1.8359375000000002
,5.0546875
,2.3203125
,0.58056640625
,0.9384765625
,2.767578125
,1.4716796875
,2.6328125
,3.6796875
,3.05859375
,5.2578125
,1.3193359375
,1.3310546875
,2.033203125
,1.083984375
,1.6865234375
,1.3115234375
,1.48046875
,1.0537109375
,1.36328125
,10.59375
,1.193359375
,10.4765625
,2.53515625
,5.9140625
,1.7138671875
,0.7978515625
,7.09765625
,3.111328125
,1.3544921875
,1.8017578125
,2.927734375
,0.73974609375
,3.404296875
,1.7236328125
,2.7578125
,1.486328125
,2.00390625
,6.03125
,2.275390625
,1.392578125
,3.400390625
,2.556640625
,4.69140625
,0.8515625
,2.462890625
,1.77734375
,3.2734375
,2.904296875
,1.1318359375
,1.126953125
,2.044921875
,1.5087890625000002
,1.9208984375
,1.2138671875
,2.341796875
,0.5966796875
,2.96484375
,2.22265625
,2.453125
,2.443359375
,2.451171875
,4.64453125
,1.9794921875
,2.591796875
,1.796875
,1.408203125
,2.23046875
,2.322265625
,1.98828125
,1.16796875
,1.9228515625
,1.662109375
,0.77587890625
,1.0078125
,0.58056640625
,0.7998046875
,2.52734375
,0.95751953125
,0.77294921875
,3.38671875
,11.71875
,0.66064453125
,2.130859375
,1.7021484375
,5.5390625
,3.83203125
,3.51953125
,1.359375
,3.978515625
,3.2480468750000004
,5.29296875
,3.6914062500000004
,3.2890625
,1.537109375
,1.5771484375
,2.771484375
,4.16796875
,5.9609375
,0.65185546875
,3.34765625
,1.0712890625
,1.1611328125
,3.20703125
,5.9609375
,0.65087890625
,3.779296875
,0.73681640625
,5.0859375
,3.609375
,1.248046875
,1.3544921875
,1.712890625
,3.169921875
,1.8759765625
,4.72265625
,1.0908203125
,1.3701171875
,0.7373046875
,3.171875
,0.796875
,3.0683593749999996
,1.38671875
,2.6171875
,3.84375
,4.0859375
,2.919921875
,2.9921875
,0.42822265625
,2.18359375
,1.1328125
,0.83837890625
,1.2900390625
,1.9873046875
,1.6611328125
,1.3076171875
,3.623046875
,1.97265625
,1.8525390625
,3.3359374999999996
,3.349609375
,0.876953125
,2.240234375
,3.4296875
,2.34765625
,2.5859375
,2.203125
,0.689453125
,2.056640625
,2.703125
,1.7978515625
,3.6132812500000004
,2.607421875
,3.69921875
,3.0878906250000004
,2.466796875
,2.306640625
,3.5703124999999996
,8.6484375
,2.6953125
,3.68359375
,10.4609375
,3.904296875
,2.65234375
,1.1044921875
,1.060546875
,1.1826171875
,2.078125
,3.857421875
,2.998046875
,2.001953125
,4.90234375
,1.166015625
,1.8447265625
,3.01953125
,2.330078125
,3.34375
,2.283203125
,1.53515625
,2.03125
,0.962890625
,3.04296875
,0.3623046875
,3.03125
,1.5517578125000002
,3.6113281250000004
,1.205078125
,9.140625
,0.81787109375
,1.33203125
,3.779296875
,0.66455078125
,6.12109375
,4.47265625
,1.7597656250000002
,1.4521484375
,1.3369140625
,0.75634765625
,5.11328125
,3.1152343750000004
,2.716796875
,2.83203125
,0.6337890625
,2.775390625
,0.8413085937499999
,3.732421875
,2.919921875
,6.875
,3.2402343749999996
,8.4609375
,2.6347656250000004
,3.21875
,1.8173828125
,3.24609375
,1.662109375
,8.5
,2.63671875
,1.1689453125
,7.16796875
,1.1123046875
,2.994140625
,1.6044921875
,1.9052734375
,0.427001953125
,1.72265625
,1.19140625
,1.978515625
,1.2705078125
,3.2519531249999996
,1.6923828125
,1.556640625
,1.265625
,4.234375
,1.7812499999999998
,1.478515625
,4.30078125
,0.65380859375
,1.7919921875
,3.8574218749999996
,1.0009765625
,2.39453125
,3.78125
,0.67431640625
,5.39453125
,2.162109375
,3.7500000000000004
,7.449218750000001
,3.65234375
,3.5
,1.5097656249999998
,2.806640625
,1.9521484375
,8.8359375
,1.427734375
,1.865234375
,0.98974609375
,1.875
,0.52197265625
,2.849609375
,3.849609375
,1.1171875
,0.48168945312500006
,0.7802734375
,2.9667968749999996
,0.8916015625
,3.205078125
,2.638671875
,2.380859375
,0.86328125
,1.583984375
,6.4765625
,2.79296875
,4.01953125
,8.2109375
,1.861328125
,1.88671875
,2.30078125
,8.5390625
,3.115234375
,2.4375
,5.6328125
,2.9394531250000004
,2.32421875
,2.4453125
,3.78515625
,1.1767578125
,12.7109375
,1.26171875
,2.44921875
,1.244140625
,1.4736328125
,1.3701171875
,1.5888671874999998
,3.86328125
,0.810546875
,4.17578125
,2.087890625
,2.7324218750000004
,3.146484375
,1.509765625
,1.6259765625
,2.490234375
,2.033203125
,1.0966796875
,4.34375
,1.875
,1.1904296875
,1.345703125
,1.0546875
,4.6328125
,0.59765625
,2.8671875
,0.88720703125
,6.22265625
,1.0703125
,6.3984375
,1.8271484375
,1.1240234375
,1.6777343750000002
,1.1240234375
,1.9033203125
,0.4150390625
,4.58203125
,4.9140625
,1.27734375
,1.61328125
,1.4931640625
,4.46875
,1.796875
,2.82421875
,1.0126953125
,2.380859375
,19.5
,1.453125
,1.5576171875
,4.2265625
,5.558593750000001
,3.908203125
,1.4541015625
,2.146484375
,2.505859375
,2.708984375
,0.50439453125
,3.2265625
,1.888671875
,1.1396484375
,3.568359375
,3.677734375
,2.49609375
,2.99609375
,0.81689453125
,2.5859375
,2.078125
,0.7978515625000001
,0.98046875
,3.744140625
,1.4892578125
,4.48828125
,7.6171875
,2.06640625
,1.078125
,0.84716796875
,2.513671875
,1.1162109375
,5.8125
,3.265625
,11.343750000000002
,1.271484375
,1.7490234375
,2.29296875
,1.7412109375
,2.6113281250000004
,2.7109375
,3.212890625
,3.818359375
,2.017578125
,3.11328125
,1.2685546875
,6.58984375
,1.0478515625
,6.734375
,2.5859375
,1.4453124999999998
,2.638671875
,1.6162109375
,3.671875
,1.4951171875000002
,2.912109375
,5.8046875
,2.13671875
,2.525390625
,1.4970703125
,1.1005859375
,4.62109375
,2.123046875
,1.7470703125
,0.53515625
,1.0556640625
,2.13671875
,1.3115234375
,1.26171875
,3.263671875
,4.203125
,4.671875
,0.70361328125
,1.4541015625000002
,0.63427734375
,5.4375
,1.0400390625
,1.9541015625
,1.0810546875
,3.3339843750000004
,2.9042968749999996
,1.513671875
,1.404296875
,9.453125
,0.71875
,2.02734375
,4.09765625
,4.06640625
,1.939453125
,2.470703125
,0.92431640625
,2.029296875
,3.220703125
,3.63671875
,3.04296875
,3.4257812499999996
,1.177734375
,0.9208984375
,0.50341796875
,2.58203125
,1.1357421875
,1.1748046875
,2.72265625
,1.736328125
,1.92578125
,1.0625
,2.076171875
,2.939453125
,5.66015625
,2.44140625
,3.07421875
,3.25390625
,1.49609375
,1.111328125
,1.685546875
,2.6171875
,2.916015625
,1.7519531249999998
,1.447265625
,0.9814453125
,1.193359375
,1.951171875
,2.435546875
,4.27734375
,1.2763671875
,0.79150390625
,1.259765625
,2.998046875
,1.337890625
,2.12109375
,2.193359375
,5.62890625
,1.83203125
,4.1015625
,3.0390625
,4.6171875
,1.1640625
,1.345703125
,0.9931640625
,0.79931640625
,2.349609375
,2.7578125
,1.556640625
,1.626953125
,3.041015625
,2.310546875
,4.43359375
,1.9140625
,5.375
,2.044921875
,2.251953125
,2.14453125
,3.56640625
,1.87890625
,3.728515625
,0.410888671875
,1.873046875
,3.615234375
,1.720703125
,11.632812499999998
,10.703124999999998
,3.115234375
,1.4521484375000002
,2.8984375
,2.1015625
,1.607421875
,1.2744140625
,1.8662109375
,1.5751953125
,6.09375
,2.3046875
,4.37890625
,2.1875
,0.8515625
,2.72265625
,1.828125
,1.96875
,3.322265625
,1.4873046875
,2.294921875
,2.865234375
,8.3125
,10.015625
,1.22265625
,0.365478515625
,3.662109375
,2.548828125
,6.296874999999999
,2.755859375
,1.0439453125
,2.048828125
,1.9716796875
,6.39453125
,1.4804687499999998
,6.25
,1.3173828125
,4.08984375
,1.298828125
,2.6171875
,1.75390625
,2.392578125
,10.8828125
,0.77734375
,5.22265625
,2.65625
,1.521484375
,2.029296875
,2.634765625
,2.314453125
,5.921875
,1.3427734375
,1.9873046875
,1.5
,4.09375
,4.23046875
,3.224609375
,0.6274414062500001
,1.34765625
,2.546875
,2.3671875
,3.2148437500000004
,0.70703125
,1.279296875
,1.232421875
,3.80078125
,1.248046875
,1.25390625
,1.8349609375
,0.8803710937499999
,1.0087890625
,3.923828125
,3.1953125
,1.3369140625
,1.0712890625
,1.3916015625
,3.62890625
,0.429931640625
,4.50390625
,2.556640625
,2.208984375
,2.419921875
,1.671875
,1.240234375
,1.2412109375
,3.2011718750000004
,1.1494140625
,3.849609375
,1.7734375
,5.7421875
,2.296875
,0.7978515625
,2.103515625
,2.275390625
,1.7431640625
,1.3486328125
,2.802734375
,1.986328125
,1.072265625
,1.2431640625
,4.2734375
,2.556640625
,2.22265625
,1.0595703125
,1.197265625
,2.294921875
,0.990234375
,5.4375
,0.67236328125
,1.5625
,3.283203125
,1.7041015625
,0.96630859375
,4.4453125
,1.1669921875
,2.10546875
,0.493896484375
,4.046875
,1.220703125
,1.4541015625
,2.029296875
,3.39453125
,4.515625
,1.548828125
,2.7578125
,1.021484375
,1.220703125
,0.9228515625
,4.125
,14.4140625
,4.7890625
,4.894531249999999
,1.6640625
,3.884765625
,2.958984375
,2.87109375
,1.3798828125
,1.8779296875
,2.2578125
,0.65380859375
,4.265625
,0.955078125
,0.6259765625
,14.242187500000002
,2.1484375
,1.7578125000000002
,1.2099609375
,3.5859375
,1.037109375
,0.908203125
,0.9467773437500001
,2.734375
,8.4921875
,7.296875
,7.47265625
,3.2656250000000004
,3.58203125
,0.9707031249999999
,2.6875
,0.5927734375
,0.8032226562500001
,1.05078125
,2.671875
,1.4765625
,5.55078125
,1.5732421875
,1.9199218749999998
,6.789062499999999
,0.45263671875
,0.81982421875
,1.2978515625
,2.18359375
,0.7431640625
,1.53515625
,3.12890625
,2.025390625
,2.251953125
,2.5390625
,3.01171875
,2.130859375
,3.154296875
,2.484375
,1.44140625
,1.3916015625
,3.908203125
,4.96484375
,5.9375
,2.537109375
,4.77734375
,2.396484375
,1.94921875
,3.439453125
,1.0322265625
,4.9609375
,4.24609375
,1.572265625
,1.9892578125
,2.5546875
,9.4375
,1.0869140625
,2.267578125
,3.6484375000000004
,2.05859375
,3.1796875
,0.82861328125
,1.966796875
,1.4482421875
,3.55859375
,3.8515625
,7.99609375
,2.16015625
,5.3515625
,0.76806640625
,5.16796875
,3.390625
,1.3125
,0.73095703125
,7.80078125
,1.0302734375
,0.892578125
,1.630859375
,2.3359375
,3.099609375
,4.58203125
,1.322265625
,3.130859375
,5.15234375
,4.3203125
,1.337890625
,0.716796875
,4.92578125
,1.7880859375
,3.2968749999999996
,4.6953125
,1.146484375
,3.541015625
,4.1484375
,0.7607421875
,4.609375
,4.859375
,4.6875
,4.0
,5.34765625
,1.455078125
,2.49609375
,6.48046875
,2.3046875
,3.162109375
,2.71484375
,1.2744140625
,0.99951171875
,1.494140625
,4.015625
,2.2578125
,2.373046875
,1.6230468749999998
,3.140625
,3.4394531250000004
,5.984375
,2.439453125
,1.552734375
,3.95703125
,1.4599609375
,2.29296875
,1.4990234374999998
,3.51171875
,2.974609375
,2.984375
,0.83935546875
,1.857421875
,2.572265625
,5.07421875
,2.01953125
,2.703125
,1.564453125
,1.513671875
,3.84375
,2.255859375
,3.0
,4.40234375
,1.65234375
,1.990234375
,2.90625
,2.134765625
,2.236328125
,4.73828125
,2.08203125
,1.0126953125
,4.484375
,5.1328125
,3.33984375
,1.0595703125
,2.44140625
,1.3994140625
,2.521484375
,1.6875
,2.04296875
,3.568359375
,2.236328125
,1.6982421874999998
,5.234375
,2.22265625
,2.22265625
,2.060546875
,2.9453125
,0.8779296875
,1.3916015625
,0.67138671875
,1.9287109375
,2.611328125
,2.287109375
,1.7626953125
,1.6660156249999998
,1.1328125
,1.8134765625
,9.5625
,2.220703125
,3.037109375
,5.359375
,1.4375
,3.677734375
,1.36328125
,1.6240234375
,2.90625
,3.33984375
,2.580078125
,2.240234375
,1.7099609375
,2.251953125
,6.12890625
,3.25390625
,0.6220703125
,1.6103515625
,2.08203125
,1.9462890625
,1.9453125
,1.8623046875000002
,1.4189453124999998
,2.169921875
,1.4013671875
,2.26171875
,9.796875
,2.6328125
,1.2060546874999998
,3.083984375
,1.61328125
,4.40625
,0.70263671875
,0.87744140625
,1.923828125
,3.1171875
,3.67578125
,3.345703125
,5.2421875
,1.681640625
,2.373046875
,3.494140625
,8.390625
,1.8994140625
,0.8642578125
,2.91796875
,6.34765625
,1.654296875
,5.4453125
,1.814453125
,1.150390625
,5.39453125
,0.9863281250000001
,1.55859375
,1.2451171875
,9.421875
,7.9453125
,2.3203125
,3.904296875
,0.52783203125
,1.5517578125
,0.456298828125
,2.236328125
,1.2314453125
,1.333984375
,4.953125
,7.62890625
,1.41015625
,4.46875
,1.298828125
,2.072265625
,1.689453125
,0.96240234375
,1.19140625
,2.064453125
,1.5000000000000002
,3.095703125
,5.109375
,2.6484375
,3.7675781250000004
,1.35546875
,2.13671875
,3.03125
,2.212890625
,1.45703125
,1.2529296875
,1.8251953125000002
,1.345703125
,1.455078125
,2.423828125
,3.302734375
,1.2744140625
,3.46875
,3.25390625
,8.328125
,0.7763671875
,1.009765625
,1.5185546875
,12.148437500000002
,1.685546875
,0.6337890625
,0.72119140625
,1.330078125
,0.962890625
,1.572265625
,1.36328125
,2.671875
,1.1533203125
,6.800781249999999
,1.21875
,2.0390625
,4.2421875
,0.99072265625
,1.3701171875
,3.798828125
,9.2890625
,0.44384765624999994
,3.12109375
,1.6396484375
,1.5302734375
,2.37890625
,2.033203125
,2.091796875
,2.66015625
,5.45703125
,2.71484375
,1.8701171875
,2.990234375
,4.67578125
,3.83984375
,2.65625
,0.9213867187499999
,2.1953125
,5.23828125
,6.20703125
,2.1953125
,2.693359375
,2.6328125
,1.2177734375
,1.3857421875
,2.521484375
,2.26953125
,1.513671875
,1.5126953125
,17.921875
,2.123046875
,0.58349609375
,2.912109375
,0.7900390625
,3.70703125
,1.8437500000000002
,2.32421875
,6.84765625
,6.84765625
,2.29296875
,4.171875
,1.0107421875
,1.8349609374999998
,1.513671875
,4.3515625
,2.130859375
,1.7705078124999998
,0.90771484375
,1.560546875
,1.7587890625
,15.0234375
,1.583984375
,3.064453125
,1.3779296875
,2.263671875
,4.46484375
,1.341796875
,2.1484375
,2.3046875
,1.166015625
,1.455078125
,6.0546875
,2.26953125
,2.21875
,3.4277343750000004
,0.9736328125
,14.132812500000002
,0.9248046875000001
,3.3574218750000004
,3.552734375
,0.7998046875
,0.64599609375
,2.05078125
,7.21484375
,3.9140625
,5.890625
,0.646484375
,0.99658203125
,4.09765625
,1.919921875
,3.326171875
,1.45703125
,1.234375
,2.357421875
,0.88916015625
,1.013671875
,3.490234375
,0.9755859375
,0.9521484375
,4.40234375
,0.5107421875
,0.8935546875
,2.18359375
,0.81103515625
,3.642578125
,1.076171875
,3.822265625
,2.0078125
,5.4296875
,6.59765625
,6.9609375
,0.92724609375
,2.2734375
,0.8603515625
,2.044921875
,2.08984375
,5.55078125
,1.4228515625
,3.939453125
,2.6796875
,2.640625
,6.3828125
,2.490234375
,3.650390625
,0.75146484375
,2.529296875
,3.177734375
,1.1923828125
,2.03125
,1.8271484375
,4.328125
,4.02734375
,12.2578125
,0.7827148437499999
,2.4921875
,4.18359375
,0.98681640625
,0.8784179687500001
,1.5654296875
,1.22265625
,1.8408203125
,1.50390625
,1.138671875
,0.9404296875
,1.0185546875
,1.7402343750000002
,3.1503906250000004
,2.5859375
,1.4404296875
,0.7197265625
,0.51904296875
,3.6933593749999996
,2.38671875
,2.38671875
,1.3935546875
,4.8359375
,4.02734375
,1.2841796875
,2.197265625
,4.32421875
,0.8950195312500001
,2.802734375
,1.21875
,3.55859375
,19.203125
,2.701171875
,4.91796875
,6.578125
,2.7265625
,4.40234375
,0.84765625
,2.14453125
,1.7548828125
,11.2421875
,2.837890625
,0.775390625
,1.5244140625
,1.19921875
,3.01171875
,1.185546875
,1.7568359375000002
,2.380859375
,2.18359375
,11.5546875
,3.173828125
,1.0722656249999998
,1.3134765625
,1.5732421875
,1.7568359375
,2.607421875
,1.041015625
,1.564453125
,0.488037109375
,5.59375
,2.498046875
,2.646484375
,0.798828125
,1.814453125
,3.16015625
,2.392578125
,1.0595703125
,1.4453125
,4.19921875
,1.36328125
,1.1044921875
,1.30078125
,0.6796875
,2.505859375
,2.056640625
,3.2109375
,1.302734375
,1.1318359375
,2.212890625
,4.67578125
,2.525390625
,2.06640625
,1.5615234375
,4.671875
,0.439208984375
,2.61328125
,1.1728515625
,1.7216796875000002
,1.740234375
,2.64453125
,2.048828125
,1.4130859375
,1.623046875
,4.40234375
,1.3056640625
,2.533203125
,1.4560546875
,2.51171875
,2.826171875
,1.7109375
,2.681640625
,5.0859375
,1.578125
,0.8559570312500001
,6.6015625
,1.001953125
,1.9404296875
,2.0390625
,1.46484375
,3.662109375
,2.19921875
,1.2177734375
,3.890625
,1.7275390625
,3.546875
,1.58984375
,4.5703125
,5.97265625
,0.54296875
,1.4765625
,0.89208984375
,3.2421875
,1.3417968749999998
,0.95703125
,2.36328125
,0.63232421875
,1.7568359375
,1.7392578125
,6.22265625
,1.3955078125
,1.7392578125
,2.41015625
,1.353515625
,2.44140625
,3.662109375
,1.8291015625
,0.73388671875
,3.009765625
,3.779296875
,2.62109375
,1.7246093750000002
,8.0078125
,1.5751953125
,1.3857421875
,2.953125
,3.958984375
,1.66796875
,2.369140625
,1.6728515625
,2.49609375
,6.05859375
,1.080078125
,1.2744140625
,1.8134765625
,5.30078125
,2.880859375
,0.70166015625
,3.4453125
,2.0
,2.33203125
,1.6650390625
,2.193359375
,3.10546875
,3.703125
,2.486328125
,2.580078125
,6.65234375
,1.619140625
,2.15625
,0.50244140625
,3.423828125
,6.7734375
,0.6650390625
,3.06640625
,8.7421875
,1.7978515625
,2.83984375
,1.5478515625
,2.544921875
,2.3125
,2.865234375
,0.77880859375
,2.970703125
,1.12890625
,1.9990234374999998
,1.587890625
,1.2216796875
,3.30859375
,1.9716796875
,3.556640625
,2.134765625
,2.880859375
,1.4716796875
,1.54296875
,2.16015625
,1.84375
,2.3222656249999996
,3.34765625
,2.818359375
,4.7734375
,1.51953125
,4.6796875
,2.677734375
,1.0830078125
,0.38134765625000006
,3.171875
,3.908203125
,0.65625
,1.0068359375
,5.640625
,1.6357421874999998
,2.650390625
,1.421875
,3.111328125
,1.0947265625
,2.091796875
,2.1484375
,1.5830078125
,3.197265625
,0.73583984375
,1.431640625
,2.232421875
,2.1328125
,3.2890625
,2.41796875
,1.283203125
,3.978515625
,2.31640625
,1.5556640625
,2.125
,1.607421875
,3.458984375
,0.57861328125
,3.2871093750000004
,0.53076171875
,1.47265625
,2.26171875
,1.8935546875
,1.2421875
,1.1396484375
,7.83984375
,1.939453125
,4.29296875
,1.806640625
,1.5625
,8.1640625
,3.263671875
,2.734375
,2.794921875
,3.318359375
,1.2255859375
,1.39453125
,3.818359375
,2.529296875
,6.07421875
,1.03125
,2.087890625
,5.2109375
,2.259765625
,1.9970703125000002
,2.6875
,1.537109375
,4.61328125
,1.853515625
,1.6406249999999998
,2.775390625
,6.3828125
,3.78515625
,1.462890625
,4.06640625
,1.9345703124999998
,1.8798828125
,1.6113281250000002
,2.740234375
,2.10546875
,2.259765625
,3.755859375
,6.43359375
,1.720703125
,3.54296875
,1.4814453125
,3.2050781249999996
,3.8105468749999996
,5.37109375
,1.4033203125
,0.662109375
,2.53515625
,1.8398437500000002
,1.130859375
,1.4775390625
,2.103515625
,1.6650390625
,1.7978515624999998
,6.30078125
,1.8476562500000002
,1.2900390625
,2.794921875
,3.888671875
,1.4228515625
,0.61328125
,1.8183593750000002
,1.5839843749999998
,4.69140625
,1.654296875
,2.5332031249999996
,2.724609375
,3.6621093749999996
,2.673828125
,1.3837890625
,3.046875
,3.48046875
,2.3671875
,6.60546875
,4.04296875
,1.490234375
,3.794921875
,5.68359375
,2.90234375
,3.5136718749999996
,1.966796875
,1.2138671875
,1.3984375
,1.5791015625
,1.197265625
,5.36328125
,2.62109375
,1.7734375
,1.435546875
,1.1630859375
,2.724609375
,1.2041015625
,2.146484375
,1.0537109375
,0.736328125
,1.5908203125
,1.185546875
,1.4619140625
,2.431640625
,2.81640625
,1.375
,1.8037109375
,7.64453125
,2.224609375
,1.365234375
,1.3603515625
,0.61181640625
,1.8310546875
,4.00390625
,14.90625
,2.619140625
,1.8515625
,6.328125
,1.6679687500000002
,2.669921875
,2.58203125
,0.8291015625
,5.640625
,0.64208984375
,0.64013671875
,0.47900390625000006
,0.68994140625
,2.8046875
,1.5029296875
,6.441406250000001
,1.875
,2.37890625
,0.49658203125
,3.01953125
,2.107421875
,1.7187499999999998
,2.44140625
,3.6269531249999996
,3.7773437500000004
,2.236328125
,1.6142578125
,0.84765625
,1.5654296875
,0.97265625
,0.7470703125
,1.498046875
,3.35546875
,13.6015625
,1.130859375
,3.146484375
,7.30078125
,3.326171875
,4.19140625
,3.8398437499999996
,1.8056640625
,0.8662109375
,2.9453125000000004
,0.65283203125
,1.5966796875
,3.54296875
,6.765625
,1.5087890625
,4.34765625
,1.3642578125
,1.3935546875
,5.5546875
,3.970703125
,15.8359375
,2.333984375
,1.3173828125
,2.5390625
,3.267578125
,0.423583984375
,2.896484375
,5.33203125
,2.916015625
,4.73046875
,0.767578125
,0.64306640625
,2.453125
,4.95703125
,2.119140625
,1.525390625
,2.294921875
,6.078125
,1.619140625
,1.5712890625
,1.033203125
,3.58984375
,0.779296875
,2.103515625
,2.13671875
,1.09375
,2.2578125
,3.1054687500000004
,2.443359375
,0.9990234375
,1.6357421875
,0.8310546875
,0.9482421875
,4.67578125
,2.865234375
,1.1435546875
,2.05859375
,1.5419921875
,3.888671875
,1.080078125
,1.673828125
,1.0703125
,1.4306640625000002
,0.607421875
,3.1875
,2.328125
,2.8828125
,2.404296875
,2.09375
,1.3740234375
,1.2353515625
,4.921875
,0.970703125
,2.4453125
,3.59765625
,3.1953125
,1.5390625
,1.0126953125
,1.4345703125
,3.7246093749999996
,2.662109375
,5.109375
,2.828125
,0.42529296875
,1.0869140625
,2.666015625
,1.9482421875
,1.033203125
,5.3359375
,2.43359375
,3.205078125
,0.61279296875
,1.521484375
,2.626953125
,3.205078125
,1.0244140625
,3.65234375
,1.0537109375
,1.20703125
,2.41015625
,2.009765625
,1.97265625
,5.42578125
,0.95654296875
,1.486328125
,1.783203125
,2.94921875
,0.9580078125
,3.12890625
,4.09765625
,1.7861328125
,4.0234375
,2.552734375
,1.33203125
,3.37890625
,2.037109375
,2.60546875
,1.486328125
,2.71484375
,1.7783203125
,7.36328125
,1.5419921875
,6.421875
,2.09765625
,0.89501953125
,2.962890625
,1.4013671875
,1.9726562499999998
,1.474609375
,5.13671875
,2.30078125
,2.28515625
,1.9609375000000002
,1.3955078125
,1.318359375
,3.24609375
,2.130859375
,7.76953125
,1.30078125
,0.95849609375
,4.05859375
,1.6044921875
,3.9609375000000004
,0.8789062500000001
,0.76416015625
,1.4248046875
,2.220703125
,1.5585937500000002
,1.71484375
,2.123046875
,0.88916015625
,1.5039062500000002
,4.19140625
,3.4863281249999996
,1.431640625
,1.12890625
,1.482421875
,1.4111328125
,3.5
,3.296875
,0.8515625
,2.697265625
,0.42309570312500006
,1.203125
,0.64111328125
,1.2880859375
,4.14453125
,2.169921875
,2.400390625
,2.765625
,2.16015625
,7.0390625
,2.8125
,3.201171875
,0.9428710937500001
,6.4765625
,3.451171875
,0.7158203125
,2.46875
,2.384765625
,2.60546875
,3.9570312499999996
,5.4921875
,3.7148437499999996
,2.11328125
,0.5791015625
,2.5546875
,4.58203125
,2.455078125
,3.837890625
,2.177734375
,8.2890625
,2.408203125
,0.5458984375
,1.2666015625
,1.4501953125
,2.814453125
,2.994140625
,2.21484375
,2.138671875
,1.298828125
,5.1875
,1.3935546875
,13.0390625
,1.400390625
,0.9814453125
,3.31640625
,4.84765625
,0.79345703125
,1.3759765625
,1.2158203125
,2.94921875
,3.279296875
,0.89599609375
,8.015625
,1.0703125
,2.17578125
,0.796875
,4.1640625
,1.5849609375
,2.89453125
,3.4296875
,2.642578125
,1.21484375
,1.34765625
,0.970703125
,0.888671875
,1.6552734375
,3.572265625
,5.47265625
,1.0908203125
,1.0830078125
,1.763671875
,1.66015625
,1.83203125
,0.7392578125
,1.6318359375
,1.361328125
,3.60546875
,1.5058593750000002
,3.1953125
,1.359375
,3.208984375
,1.76171875
,4.29296875
,0.55908203125
,7.5625
,1.197265625
,3.34375
,1.3935546875
,2.078125
,2.060546875
,2.78125
,10.71875
,2.21875
,0.693359375
,1.1201171875
,2.025390625
,0.97412109375
,1.0869140625
,3.345703125
,3.2871093749999996
,3.25390625
,1.5263671875
,2.984375
,2.546875
,3.1210937499999996
,2.953125
,2.064453125
,0.79052734375
,5.23046875
,2.404296875
,0.76318359375
,0.95849609375
,1.1044921875
,0.77001953125
,1.3681640625
,1.400390625
,0.970703125
,7.40625
,1.40234375
,2.8886718749999996
,1.0703125
,2.072265625
,1.4501953125
,2.640625
,1.4453125
,1.3798828125
,1.7734375
,1.228515625
,2.626953125
,0.66015625
,1.7880859375
,1.0517578125
,0.476318359375
,4.41015625
,1.8183593749999998
,1.697265625
,0.95458984375
,2.15234375
,2.873046875
,3.10546875
,0.9262695312500001
,2.08984375
,4.46875
,3.033203125
,1.806640625
,2.140625
,9.78125
,32.875
,2.44140625
,4.30859375
,1.2353515625
,2.31640625
,2.900390625
,1.455078125
,1.5771484375
,2.63671875
,1.0888671875
,1.1826171875
,1.1005859375
,2.7734375
,1.54296875
,1.3798828125
,1.0361328125
,2.40234375
,2.021484375
,1.173828125
,3.396484375
,2.75390625
,1.814453125
,1.0595703125
,3.232421875
,2.650390625
,2.19921875
,0.984375
,1.3203125
,2.189453125
,1.791015625
,0.69580078125
,0.728515625
,1.205078125
,0.66015625
,12.4375
,0.822265625
,1.3740234375000002
,0.525390625
,4.13671875
,6.29296875
,2.04296875
,8.2578125
,0.88134765625
,1.6123046875
,2.98828125
,3.5800781249999996
,1.8759765624999998
,0.93115234375
,1.4677734375
,3.990234375
,1.0751953125
,2.626953125
,1.021484375
,1.4150390624999998
,1.529296875
,2.419921875
,6.4609375
,1.9960937500000002
,3.04296875
,0.9599609375
,1.58203125
,3.244140625
,0.92919921875
,1.1279296875
,3.359375
,3.0253906250000004
,0.6279296875
,1.3662109375
,1.8525390625
,1.5380859375
,1.8964843750000002
,2.630859375
,1.9970703125
,4.71875
,2.99609375
,1.451171875
,1.6708984375
,1.2060546875
,0.83642578125
,2.8203125
,1.615234375
,1.3095703125
,1.267578125
,3.208984375
,2.408203125
,1.650390625
,3.6621093750000004
,0.75146484375
,2.451171875
,1.5253906250000002
,1.84375
,4.015625
,3.326171875
,3.076171875
,2.75390625
,0.5146484375
,1.435546875
,2.248046875
,3.158203125
,0.95361328125
,7.44140625
,1.91015625
,1.7763671875
,8.9921875
,1.1640625
,2.80859375
,1.353515625
,1.7607421875
,4.7734375
,2.513671875
,2.046875
,0.9653320312499999
,0.51171875
,1.173828125
,0.436767578125
,0.49145507812499994
,1.318359375
,8.9375
,3.705078125
,1.3564453125
,4.50390625
,2.009765625
,1.0400390625
,0.32568359375
,1.458984375
,2.14453125
,0.55859375
,6.90234375
,0.65234375
,1.2216796875
,2.638671875
,2.30859375
,1.509765625
,1.185546875
,1.1806640625
,0.677734375
,3.15625
,6.23828125
,0.935546875
,3.3359375
,4.09765625
,6.0859375
,1.4550781250000002
,0.48754882812499994
,1.51171875
,2.55078125
,3.76171875
,0.57373046875
,1.818359375
,1.9169921875
,5.058593750000001
,1.126953125
,1.626953125
,1.3798828125000002
,1.7119140625
,1.9013671875
,2.8574218750000004
,4.41015625
,2.29296875
,1.0419921875
,10.8125
,3.64453125
,3.095703125
,1.4765625
,3.4121093750000004
,5.265625
,1.3017578125
,1.11328125
,0.8750000000000001
,5.8828125
,1.7021484375
,2.005859375
,2.638671875
,2.9921875
,1.072265625
,2.060546875
,1.0859375
,2.5703125
,1.408203125
,4.8203125
,0.86572265625
,2.759765625
,1.49609375
,0.7939453125
,7.046875
,3.134765625
,1.3642578125
,1.5341796875
,1.7373046875
,2.7578125
,1.4228515625
,1.3876953125
,1.2607421875
,1.7578125
,2.9140625
,1.2431640625
,2.0703125
,2.548828125
,1.052734375
,1.140625
,2.453125
,2.2109375
,0.6630859375
,1.931640625
,2.3359375
,6.45703125
,2.240234375
,1.224609375
,0.80517578125
,2.529296875
,2.1953125
,1.3837890625
,2.1953125
,1.5625
,1.7216796875
,1.130859375
,2.46875
,2.01953125
,2.037109375
,0.6923828125
,4.0703125
,1.1767578125
,0.83837890625
,3.400390625
,11.4921875
,1.8369140625
,1.158203125
,2.45703125
,4.6484375
,2.5546875
,3.177734375
,4.67578125
,2.8398437499999996
,0.767578125
,1.9218750000000002
,4.15234375
,3.4453125
,5.5078125
,2.44140625
,0.75390625
,1.6552734375
,1.3701171875
,2.19140625
,1.7724609375
,0.57568359375
,3.078125
,1.8623046875
,3.255859375
,4.21875
,3.1093749999999996
,3.3125
,3.9375
,3.89453125
,3.6171875
,3.603515625
,6.09375
,0.6748046875
,5.2421875
,1.634765625
,1.548828125
,1.2412109375
,3.240234375
,1.08984375
,5.71484375
,1.2841796875
,1.353515625
,4.3828125
,3.01953125
,1.7714843750000002
,1.4697265625000002
,0.7666015625
,0.662109375
,3.8906250000000004
,0.79736328125
,3.0546875
,2.7578125
,1.857421875
,2.259765625
,1.3984375
,2.64453125
,0.76025390625
,1.1181640625
,1.9619140624999998
,2.896484375
,3.0878906250000004
,3.53515625
,2.046875
,2.7539062500000004
,0.449462890625
,3.326171875
,1.701171875
,1.6376953125000002
,1.306640625
,2.15625
,1.7421875
,0.8994140625
,3.337890625
,2.21875
,3.828125
,1.69140625
,3.615234375
,4.1953125
,2.361328125
,2.47265625
,2.248046875
,3.51171875
,1.3232421875
,1.7412109375
,2.625
,1.7841796874999998
,4.13671875
,2.310546875
,0.3544921875
,2.673828125
,3.7207031249999996
,2.4921875
,2.048828125
,3.017578125
,2.634765625
,1.2021484375
,1.970703125
,4.78125
,1.59765625
,3.6640625
,10.6796875
,3.453125
,1.201171875
,3.8417968749999996
,1.0556640625
,5.730468750000001
,8.96875
,3.0683593749999996
,3.4140625
,3.0078125
,3.74609375
,2.361328125
,3.75
,3.626953125
,2.677734375
,0.62841796875
,2.328125
,4.921875
,1.2177734375
,1.5400390625000002
,1.8603515625
,1.158203125
,3.138671875
,0.54052734375
,1.7656249999999998
,1.62109375
,4.5390625
,8.3359375
,5.25
,1.2900390625
,2.765625
,3.162109375
,3.333984375
,5.9453125
,2.01171875
,2.767578125
,4.61328125
,1.5947265625
,0.8525390625
,4.0234375
,0.7431640625
,1.2138671875
,1.5185546875
,2.900390625
,6.8671875
,1.107421875
,3.017578125
,3.7910156250000004
,1.0048828125
,3.205078125
,1.6542968749999998
,1.8203125
,8.5
,2.708984375
,1.015625
,7.44140625
,0.7138671875
,3.248046875
,1.65234375
,1.5166015625
,2.349609375
,3.6015625
,1.1826171875
,3.841796875
,4.3515625
,3.8144531249999996
,8.7890625
,1.771484375
,1.7812499999999998
,4.3203125
,2.671875
,0.68115234375
,8.03125
,0.73876953125
,5.4140625
,2.236328125
,3.8515625
,5.25
,4.93359375
,7.351562499999999
,8.4140625
,1.9384765625
,4.6796875
,0.9853515625
,1.986328125
,4.53515625
,2.72265625
,0.94873046875
,2.876953125
,0.90869140625
,1.3447265625
,2.794921875
,1.41796875
,2.85546875
,2.580078125
,4.07421875
,2.671875
,2.392578125
,1.015625
,12.8203125
,1.8935546875
,4.0078125
,2.404296875
,6.0234375
,0.76318359375
,1.5458984375
,3.025390625
,1.5742187499999998
,0.95556640625
,1.1142578125
,4.03125
,2.83984375
,1.5986328125
,1.775390625
,2.30859375
,2.98828125
,2.7421875
,0.5361328125
,5.9921875
,3.0996093749999996
,1.5810546875
,2.306640625
,2.33203125
,1.21875
,2.482421875
,3.822265625
,1.5771484375
,0.9833984375
,1.291015625
,0.71240234375
,2.259765625
,1.4580078125
,1.1708984375
,1.810546875
,2.09765625
,0.60546875
,1.3916015625
,0.83349609375
,6.5078125
,32.375
,4.5
,1.6025390625
,1.5126953125
,2.90625
,1.837890625
,4.3671875
,1.8232421875
,1.025390625
,1.0107421875
,1.7119140625000002
,2.822265625
,2.46875
,2.056640625
,1.2607421875
,4.6484375
,0.8530273437499999
,1.669921875
,1.2529296875
,4.5390625
,1.6533203125
,1.45703125
,1.1630859375
,2.14453125
,1.5908203125
,0.41162109375
,1.6757812500000002
,9.6796875
,1.458984375
,1.1474609375
,1.8251953125
,6.17578125
,0.81298828125
,6.2890625
,4.26171875
,3.22265625
,1.85546875
,0.7373046875
,1.11328125
,2.873046875
,3.63671875
,3.84765625
,1.083984375
,2.78515625
,1.544921875
,2.1875
,1.27734375
,3.013671875
,2.09375
,2.515625
,4.4765625
,0.80615234375
,2.474609375
,3.1328125
,2.5
,0.5009765625
,1.130859375
,1.5859375
,18.953125
,2.087890625
,2.974609375
,1.513671875
,0.6884765625
,3.751953125
,2.5234375
,0.9580078125
,3.2656249999999996
,1.4775390625
,1.275390625
,1.75390625
,2.123046875
,1.125
,2.267578125
,5.023437499999999
,1.7529296875
,1.193359375
,6.96484375
,2.646484375
,1.11328125
,0.63037109375
,1.72265625
,3.14453125
,6.80859375
,2.650390625
,2.62109375
,0.374267578125
,1.7919921875
,0.7177734375
,1.4853515625
,3.3066406250000004
,0.84619140625
,3.134765625
,3.3359375
,3.86328125
,2.9765625
,1.4199218749999998
,2.54296875
,1.201171875
,1.9775390625000002
,2.7109375
,2.470703125
,2.271484375
,1.2900390625
,6.62890625
,0.52001953125
,2.068359375
,4.33203125
,1.0458984375
,2.5546875
,4.1796875
,0.71484375
,2.0078125
,1.09765625
,2.037109375
,2.53125
,2.013671875
,3.28515625
,1.7275390624999998
,9.5390625
,1.5693359375
,1.3212890625
,1.23046875
,3.076171875
,4.19921875
,1.54296875
,1.1279296875
,1.9794921875
,2.1171875
,1.4482421875
,3.291015625
,1.26171875
,1.7607421875
,1.455078125
,2.974609375
,1.349609375
,1.1259765625
,0.9833984375
,2.75
,1.654296875
,2.40234375
,3.044921875
,1.025390625
,0.85205078125
,1.9306640625
,2.990234375
,2.470703125
,5.59765625
,1.23828125
,3.021484375
,0.84521484375
,2.880859375
,1.751953125
,5.5078125
,1.9248046875
,1.1103515625
,1.5908203125
,3.8339843750000004
,8.203125
,0.80078125
,2.9140625
,2.439453125
,0.529296875
,1.0458984375
,4.3046875
,3.1542968749999996
,2.12890625
,1.7392578125
,2.169921875
,1.861328125
,3.580078125
,4.640625
,2.068359375
,1.8681640625
,3.521484375
,1.009765625
,3.109375
,2.6875
,2.7890625
,1.330078125
,1.4453125
,1.599609375
,3.01171875
,2.34375
,1.6455078125
,7.34765625
,10.9375
,2.09765625
,2.283203125
,3.880859375
,6.5234375
,1.7099609375
,10.5390625
,4.26953125
,6.0859375
,0.51513671875
,1.146484375
,1.4726562499999998
,1.5576171875
,3.41015625
,2.607421875
,3.537109375
,2.263671875
,3.33984375
,1.4375
,5.195312500000001
,1.8291015625
,3.08203125
,2.724609375
,13.546875000000002
,2.572265625
,2.859375
,2.638671875
,1.8369140625
,2.84765625
,2.22265625
,1.2568359375
,4.2890625
,2.4296875
,3.9707031250000004
,1.51171875
,2.55859375
,1.9033203125
,0.8544921875
,3.802734375
,2.24609375
,2.158203125
,2.03125
,1.4091796875
,6.3671875
,1.3359375
,3.140625
,1.22265625
,0.671875
,2.662109375
,2.341796875
,6.31640625
,1.083984375
,4.140625
,1.3017578125
,2.01171875
,3.197265625
,1.9326171875
,1.376953125
,2.62109375
,1.7587890625
,1.533203125
,0.9868164062499999
,2.724609375
,1.8779296875
,3.171875
,3.765625
,1.244140625
,1.244140625
,2.876953125
